{"cameraMode":{"drawMode":0,"name":"Shaded","section":"Shading Mode"},"sceneLighting":true,"audioPlay":false,"sceneViewState":{"m_AlwaysRefresh":true,"showFog":true,"showSkybox":true,"showFlares":true,"showImageEffects":true,"showParticleSystems":true,"showVisualEffectGraphs":true,"m_FxEnabled":true},"in2DMode":false,"pivot":{"x":34.01694869995117,"y":3.4344089031219484,"z":20.092670440673829},"rotation":{"x":0.12322695553302765,"y":-0.5897111892700195,"z":0.09273138642311096,"w":0.7929367423057556},"size":1.434700846672058,"orthographic":false}