{"cameraMode":{"drawMode":0,"name":"Shaded","section":"Shading Mode"},"sceneLighting":true,"audioPlay":false,"sceneViewState":{"m_AlwaysRefresh":true,"showFog":true,"showSkybox":true,"showFlares":true,"showImageEffects":true,"showParticleSystems":true,"showVisualEffectGraphs":true,"m_FxEnabled":true},"in2DMode":false,"pivot":{"x":20.109241485595704,"y":6.8412322998046879,"z":3.5584659576416017},"rotation":{"x":-0.26139745116233828,"y":-0.5223405361175537,"z":0.17210648953914643,"w":-0.7932595014572144},"size":31.678007125854493,"orthographic":false}