{"cameraMode":{"drawMode":0,"name":"Shaded","section":"Shading Mode"},"sceneLighting":true,"audioPlay":false,"sceneViewState":{"m_AlwaysRefresh":true,"showFog":true,"showSkybox":true,"showFlares":true,"showImageEffects":true,"showParticleSystems":true,"showVisualEffectGraphs":true,"m_FxEnabled":true},"in2DMode":false,"pivot":{"x":-0.6398629546165466,"y":-4.331643104553223,"z":-0.2670162618160248},"rotation":{"x":-0.0003948106896132231,"y":-0.7674471735954285,"z":0.6415954232215881,"w":0.0017175818793475628},"size":3.3428430557250978,"orthographic":false}