{"cameraMode":{"drawMode":0,"name":"Shaded","section":"Shading Mode"},"sceneLighting":false,"audioPlay":false,"sceneViewState":{"m_AlwaysRefresh":true,"showFog":true,"showSkybox":false,"showFlares":true,"showImageEffects":true,"showParticleSystems":true,"showVisualEffectGraphs":true,"m_FxEnabled":true},"in2DMode":false,"pivot":{"x":-3.154010772705078,"y":4.194437503814697,"z":28.838340759277345},"rotation":{"x":0.000500591064337641,"y":0.8784612417221069,"z":-0.4779793918132782,"w":0.000753854401409626},"size":74.77867126464844,"orthographic":false}